[{"model": "admin.logentry", "pk": 1, "fields": {"action_time": "2025-06-05T07:50:26.975Z", "user": 1, "content_type": 8, "object_id": "1", "object_repr": "Checklist for Build 1", "action_flag": 3, "change_message": ""}}, {"model": "admin.logentry", "pk": 2, "fields": {"action_time": "2025-06-05T07:53:22.340Z", "user": 1, "content_type": 8, "object_id": "2", "object_repr": "Checklist for Build 1", "action_flag": 3, "change_message": ""}}, {"model": "admin.logentry", "pk": 3, "fields": {"action_time": "2025-06-05T07:58:50.592Z", "user": 1, "content_type": 8, "object_id": "3", "object_repr": "Checklist for Build 1", "action_flag": 3, "change_message": ""}}, {"model": "admin.logentry", "pk": 4, "fields": {"action_time": "2025-06-05T08:01:39.846Z", "user": 1, "content_type": 8, "object_id": "4", "object_repr": "Checklist for Build 1", "action_flag": 3, "change_message": ""}}, {"model": "auth.permission", "pk": 1, "fields": {"name": "Can add log entry", "content_type": 1, "codename": "add_logentry"}}, {"model": "auth.permission", "pk": 2, "fields": {"name": "Can change log entry", "content_type": 1, "codename": "change_logentry"}}, {"model": "auth.permission", "pk": 3, "fields": {"name": "Can delete log entry", "content_type": 1, "codename": "delete_logentry"}}, {"model": "auth.permission", "pk": 4, "fields": {"name": "Can view log entry", "content_type": 1, "codename": "view_logentry"}}, {"model": "auth.permission", "pk": 5, "fields": {"name": "Can add permission", "content_type": 2, "codename": "add_permission"}}, {"model": "auth.permission", "pk": 6, "fields": {"name": "Can change permission", "content_type": 2, "codename": "change_permission"}}, {"model": "auth.permission", "pk": 7, "fields": {"name": "Can delete permission", "content_type": 2, "codename": "delete_permission"}}, {"model": "auth.permission", "pk": 8, "fields": {"name": "Can view permission", "content_type": 2, "codename": "view_permission"}}, {"model": "auth.permission", "pk": 9, "fields": {"name": "Can add group", "content_type": 3, "codename": "add_group"}}, {"model": "auth.permission", "pk": 10, "fields": {"name": "Can change group", "content_type": 3, "codename": "change_group"}}, {"model": "auth.permission", "pk": 11, "fields": {"name": "Can delete group", "content_type": 3, "codename": "delete_group"}}, {"model": "auth.permission", "pk": 12, "fields": {"name": "Can view group", "content_type": 3, "codename": "view_group"}}, {"model": "auth.permission", "pk": 13, "fields": {"name": "Can add content type", "content_type": 4, "codename": "add_contenttype"}}, {"model": "auth.permission", "pk": 14, "fields": {"name": "Can change content type", "content_type": 4, "codename": "change_contenttype"}}, {"model": "auth.permission", "pk": 15, "fields": {"name": "Can delete content type", "content_type": 4, "codename": "delete_contenttype"}}, {"model": "auth.permission", "pk": 16, "fields": {"name": "Can view content type", "content_type": 4, "codename": "view_contenttype"}}, {"model": "auth.permission", "pk": 17, "fields": {"name": "Can add session", "content_type": 5, "codename": "add_session"}}, {"model": "auth.permission", "pk": 18, "fields": {"name": "Can change session", "content_type": 5, "codename": "change_session"}}, {"model": "auth.permission", "pk": 19, "fields": {"name": "Can delete session", "content_type": 5, "codename": "delete_session"}}, {"model": "auth.permission", "pk": 20, "fields": {"name": "Can view session", "content_type": 5, "codename": "view_session"}}, {"model": "auth.permission", "pk": 21, "fields": {"name": "Can add build", "content_type": 6, "codename": "add_build"}}, {"model": "auth.permission", "pk": 22, "fields": {"name": "Can change build", "content_type": 6, "codename": "change_build"}}, {"model": "auth.permission", "pk": 23, "fields": {"name": "Can delete build", "content_type": 6, "codename": "delete_build"}}, {"model": "auth.permission", "pk": 24, "fields": {"name": "Can view build", "content_type": 6, "codename": "view_build"}}, {"model": "auth.permission", "pk": 25, "fields": {"name": "Can add custom user", "content_type": 7, "codename": "add_customuser"}}, {"model": "auth.permission", "pk": 26, "fields": {"name": "Can change custom user", "content_type": 7, "codename": "change_customuser"}}, {"model": "auth.permission", "pk": 27, "fields": {"name": "Can delete custom user", "content_type": 7, "codename": "delete_customuser"}}, {"model": "auth.permission", "pk": 28, "fields": {"name": "Can view custom user", "content_type": 7, "codename": "view_customuser"}}, {"model": "auth.permission", "pk": 29, "fields": {"name": "Can add checklist", "content_type": 8, "codename": "add_checklist"}}, {"model": "auth.permission", "pk": 30, "fields": {"name": "Can change checklist", "content_type": 8, "codename": "change_checklist"}}, {"model": "auth.permission", "pk": 31, "fields": {"name": "Can delete checklist", "content_type": 8, "codename": "delete_checklist"}}, {"model": "auth.permission", "pk": 32, "fields": {"name": "Can view checklist", "content_type": 8, "codename": "view_checklist"}}, {"model": "auth.permission", "pk": 33, "fields": {"name": "Can add component", "content_type": 9, "codename": "add_component"}}, {"model": "auth.permission", "pk": 34, "fields": {"name": "Can change component", "content_type": 9, "codename": "change_component"}}, {"model": "auth.permission", "pk": 35, "fields": {"name": "Can delete component", "content_type": 9, "codename": "delete_component"}}, {"model": "auth.permission", "pk": 36, "fields": {"name": "Can view component", "content_type": 9, "codename": "view_component"}}, {"model": "auth.permission", "pk": 37, "fields": {"name": "Can add invoice status", "content_type": 10, "codename": "add_invoicestatus"}}, {"model": "auth.permission", "pk": 38, "fields": {"name": "Can change invoice status", "content_type": 10, "codename": "change_invoicestatus"}}, {"model": "auth.permission", "pk": 39, "fields": {"name": "Can delete invoice status", "content_type": 10, "codename": "delete_invoicestatus"}}, {"model": "auth.permission", "pk": 40, "fields": {"name": "Can view invoice status", "content_type": 10, "codename": "view_invoicestatus"}}, {"model": "auth.permission", "pk": 41, "fields": {"name": "Can add status log", "content_type": 11, "codename": "add_statuslog"}}, {"model": "auth.permission", "pk": 42, "fields": {"name": "Can change status log", "content_type": 11, "codename": "change_statuslog"}}, {"model": "auth.permission", "pk": 43, "fields": {"name": "Can delete status log", "content_type": 11, "codename": "delete_statuslog"}}, {"model": "auth.permission", "pk": 44, "fields": {"name": "Can view status log", "content_type": 11, "codename": "view_statuslog"}}, {"model": "contenttypes.contenttype", "pk": 1, "fields": {"app_label": "admin", "model": "logentry"}}, {"model": "contenttypes.contenttype", "pk": 2, "fields": {"app_label": "auth", "model": "permission"}}, {"model": "contenttypes.contenttype", "pk": 3, "fields": {"app_label": "auth", "model": "group"}}, {"model": "contenttypes.contenttype", "pk": 4, "fields": {"app_label": "contenttypes", "model": "contenttype"}}, {"model": "contenttypes.contenttype", "pk": 5, "fields": {"app_label": "sessions", "model": "session"}}, {"model": "contenttypes.contenttype", "pk": 6, "fields": {"app_label": "app", "model": "build"}}, {"model": "contenttypes.contenttype", "pk": 7, "fields": {"app_label": "app", "model": "customuser"}}, {"model": "contenttypes.contenttype", "pk": 8, "fields": {"app_label": "app", "model": "checklist"}}, {"model": "contenttypes.contenttype", "pk": 9, "fields": {"app_label": "app", "model": "component"}}, {"model": "contenttypes.contenttype", "pk": 10, "fields": {"app_label": "app", "model": "invoicestatus"}}, {"model": "contenttypes.contenttype", "pk": 11, "fields": {"app_label": "app", "model": "statuslog"}}, {"model": "sessions.session", "pk": "rhdc8unloo2yeyymk3f3m2m1i1bth5wv", "fields": {"session_data": ".eJxVjDEOwjAMRe-SGUU1qROXkZ0zVE5sSAElUtNOiLtDpQ6w_vfef5mR1yWPa9N5nMScDJjD7xY5PbRsQO5cbtWmWpZ5inZT7E6bvVTR53l3_w4yt_ytkQhSr-xCIBbEHmiA6DxgHIgTCbhjiB7ISxcIk8dOQQiVrglV1Lw_vTg3XQ:1uN4wi:Is5-z9b_0WIs5pTN8lHg4dVAInFI3P8afuUxkQPapk0", "expire_date": "2025-06-19T07:23:28.564Z"}}, {"model": "sessions.session", "pk": "z20apisdnf8g2ebcz1b7kze02akqmb37", "fields": {"session_data": ".eJxVjDEOwjAMRe-SGUU1qROXkZ0zVE5sSAElUtNOiLtDpQ6w_vfef5mR1yWPa9N5nMScDJjD7xY5PbRsQO5cbtWmWpZ5inZT7E6bvVTR53l3_w4yt_ytkQhSr-xCIBbEHmiA6DxgHIgTCbhjiB7ISxcIk8dOQQiVrglV1Lw_vTg3XQ:1uNOOe:x20usxRp5Bj2cdzZeQvAU8p80jmB6Iga8IswFmq-q4c", "expire_date": "2025-06-20T04:09:36.129Z"}}, {"model": "app.customuser", "pk": 1, "fields": {"password": "pbkdf2_sha256$1000000$mcXCWBkCyqehhar0umWbEY$xiInda+BRUkgsTZM2+Y9TvhWtZHthBCPZdNHuU56JWM=", "last_login": "2025-06-06T04:09:36.127Z", "is_superuser": true, "email": "supervisor@nukepc.in", "role": "Supervisor", "is_active": true, "is_staff": true, "date_joined": "2025-06-05T07:23:09.913Z", "groups": [], "user_permissions": []}}, {"model": "app.customuser", "pk": 2, "fields": {"password": "pbkdf2_sha256$1000000$5J1JIryLDuuqTU8riQfYNB$4xfLR9gDPcsRPqkJE7Vrj+ikHUfEIwbZw4GZgxdzOXE=", "last_login": null, "is_superuser": true, "email": "sales@nukepc.in", "role": "Sales Team", "is_active": true, "is_staff": true, "date_joined": "2025-06-05T07:26:04.113Z", "groups": [], "user_permissions": []}}, {"model": "app.customuser", "pk": 3, "fields": {"password": "pbkdf2_sha256$1000000$GnMX6NIWtQTJduAbOQDvtP$+NqzoXbthp3aFxR+PAqqrbVuDJgE0/N+Tx37tNuAAcg=", "last_login": null, "is_superuser": true, "email": "service@nukepc.in", "role": "Service Team", "is_active": true, "is_staff": true, "date_joined": "2025-06-05T07:26:41.796Z", "groups": [], "user_permissions": []}}, {"model": "app.customuser", "pk": 4, "fields": {"password": "pbkdf2_sha256$1000000$1NH4Y2eSEjYw0dohRgkjq2$jgXgE3cMDa1i/aS+zL8ojzXI3e6lNeEXPx2exys8U4o=", "last_login": null, "is_superuser": true, "email": "hwtl@nukepc.in", "role": "Hardware Engineer TL", "is_active": true, "is_staff": true, "date_joined": "2025-06-05T07:27:35.107Z", "groups": [], "user_permissions": []}}, {"model": "app.customuser", "pk": 5, "fields": {"password": "pbkdf2_sha256$1000000$g34hNoVO9WD87UJJve4tby$khTnZWl7bgJiHw53+dcpNZUO0KkXVBrrw+J6o28Ox2A=", "last_login": null, "is_superuser": true, "email": "het@nukepc.in", "role": "Hardware Engineer Team", "is_active": true, "is_staff": true, "date_joined": "2025-06-05T07:28:39.072Z", "groups": [], "user_permissions": []}}, {"model": "app.customuser", "pk": 6, "fields": {"password": "pbkdf2_sha256$1000000$c0qbiKWZMoOdHa81pyJxt4$JYJ2B2EEdCeSFiUlerIFRBqoOj8f7D2XuLo/WkQdoN8=", "last_login": null, "is_superuser": true, "email": "accounts@nukepc.in", "role": "Accounts Team", "is_active": true, "is_staff": true, "date_joined": "2025-06-05T07:31:00.622Z", "groups": [], "user_permissions": []}}, {"model": "app.build", "pk": 1, "fields": {"customerName": "dsfsdf", "mobileNumber": "7871204433", "buildType": "Offer", "deliveryType": "In-Person", "location": "Chennai, Tamil Nadu", "qualityCheckBy": "Sathya", "qualityCheckDate": "2025-06-05T11:34:03.577Z", "eta": "2025-06-10", "deadline": "2025-06-09", "orderDate": "2025-06-05", "enquiryId": "ENQ-54145", "paymentDone": "10000.00", "totalAmount": "100000.00", "balancePayment": "90000.00", "adminName": "dfdsf", "builder": "sdfdsfdsfdsf", "tester": "", "currentStage": "Testing Started", "status_updater": null, "builderAssignedDate": "2025-06-05T10:36:25.508Z", "testerAssignedDate": null, "shipmentStatus": "Pending", "trackingNumber": null}}, {"model": "app.build", "pk": 2, "fields": {"customerName": "u", "mobileNumber": "uh", "buildType": "Normal", "deliveryType": "Shipment", "location": "Chennai, Tamil Nadu", "qualityCheckBy": null, "qualityCheckDate": null, "eta": "2025-06-06", "deadline": "2025-06-06", "orderDate": "2025-06-06", "enquiryId": "iuhiuh", "paymentDone": "9098296.00", "totalAmount": "9098296.00", "balancePayment": "0.00", "adminName": "huh", "builder": "", "tester": "", "currentStage": "Testing Started", "status_updater": null, "builderAssignedDate": null, "testerAssignedDate": null, "shipmentStatus": "Pending", "trackingNumber": null}}, {"model": "app.build", "pk": 1164, "fields": {"customerName": "ihiuihiuh", "mobileNumber": "iuh", "buildType": "Normal", "deliveryType": "Shipment", "location": "uhiu", "qualityCheckBy": null, "qualityCheckDate": null, "eta": "2025-06-07", "deadline": "2025-06-06", "orderDate": "2025-06-06", "enquiryId": "ih", "paymentDone": "14212310.00", "totalAmount": "54156151.00", "balancePayment": "39943841.00", "adminName": "iuh", "builder": "", "tester": "", "currentStage": "Components Pending", "status_updater": null, "builderAssignedDate": null, "testerAssignedDate": null, "shipmentStatus": "Pending", "trackingNumber": null}}, {"model": "app.build", "pk": 1234, "fields": {"customerName": "Gopi K R", "mobileNumber": "781204433", "buildType": "Offer", "deliveryType": "In-Person", "location": "Chennai", "qualityCheckBy": null, "qualityCheckDate": null, "eta": "2025-06-10", "deadline": "2025-06-08", "orderDate": "2025-06-06", "enquiryId": "ENQ-BH-007", "paymentDone": "10000.00", "totalAmount": "80000.00", "balancePayment": "70000.00", "adminName": "Gopi's PC", "builder": "SHREE", "tester": "DEEPAK", "currentStage": "Components Pending", "status_updater": null, "builderAssignedDate": "2025-06-06T07:14:30.574Z", "testerAssignedDate": "2025-06-06T07:14:34.196Z", "shipmentStatus": "Pending", "trackingNumber": null}}, {"model": "app.build", "pk": 51561, "fields": {"customerName": "DFGdffg", "mobileNumber": "7871204433", "buildType": "Offer", "deliveryType": "In-Person", "location": "Chennai", "qualityCheckBy": "Sathiya", "qualityCheckDate": "2025-06-06T09:38:30.310Z", "eta": "2025-06-06", "deadline": "2025-06-06", "orderDate": "2025-06-06", "enquiryId": "ENQ-457", "paymentDone": "200.00", "totalAmount": "800.00", "balancePayment": "600.00", "adminName": "dfsgfdg", "builder": "Shree", "tester": "Deepak", "currentStage": "Testing Started", "status_updater": null, "builderAssignedDate": "2025-06-06T09:34:26.823Z", "testerAssignedDate": "2025-06-06T09:34:29.062Z", "shipmentStatus": "Pending", "trackingNumber": null}}, {"model": "app.build", "pk": 15612111, "fields": {"customerName": "kjjki", "mobileNumber": "7871204433", "buildType": "Normal", "deliveryType": "In-Person", "location": "chennai", "qualityCheckBy": null, "qualityCheckDate": null, "eta": "2025-06-06", "deadline": "2025-06-06", "orderDate": "2025-06-06", "enquiryId": "fgguyuhy", "paymentDone": "10000.00", "totalAmount": "100000.00", "balancePayment": "90000.00", "adminName": "ji", "builder": "Builder", "tester": "Tester", "currentStage": "Test Completed", "status_updater": null, "builderAssignedDate": "2025-06-06T05:47:36.164Z", "testerAssignedDate": "2025-06-06T05:47:40.540Z", "shipmentStatus": "Pending", "trackingNumber": null}}, {"model": "app.component", "pk": 16, "fields": {"build": 1, "price": 10000, "name": "AMD", "serialNumber": "", "eta": null}}, {"model": "app.component", "pk": 138, "fields": {"build": 1164, "price": 10000, "name": "ighh", "serialNumber": "", "eta": null}}, {"model": "app.component", "pk": 139, "fields": {"build": 1164, "price": 10000, "name": "uyuy", "serialNumber": "", "eta": null}}, {"model": "app.component", "pk": 140, "fields": {"build": 1164, "price": 10000, "name": "guyg", "serialNumber": "", "eta": null}}, {"model": "app.component", "pk": 141, "fields": {"build": 1164, "price": 10000, "name": "uyg", "serialNumber": "", "eta": null}}, {"model": "app.component", "pk": 142, "fields": {"build": 1164, "price": 10000, "name": "yug", "serialNumber": "", "eta": null}}, {"model": "app.component", "pk": 143, "fields": {"build": 1164, "price": 10000, "name": "uguy", "serialNumber": "", "eta": null}}, {"model": "app.component", "pk": 144, "fields": {"build": 1164, "price": 10000, "name": "guyg", "serialNumber": "", "eta": null}}, {"model": "app.component", "pk": 145, "fields": {"build": 1164, "price": 10000, "name": "iugh", "serialNumber": "", "eta": null}}, {"model": "app.component", "pk": 182, "fields": {"build": 15612111, "price": 10000, "name": "uyguygy", "serialNumber": "105611", "eta": null}}, {"model": "app.component", "pk": 183, "fields": {"build": 15612111, "price": 10000, "name": "uguy", "serialNumber": "65161651", "eta": null}}, {"model": "app.component", "pk": 184, "fields": {"build": 15612111, "price": 10000, "name": "ijbhnijb", "serialNumber": "541656", "eta": null}}, {"model": "app.component", "pk": 185, "fields": {"build": 15612111, "price": 10000, "name": "gyug", "serialNumber": "6516165", "eta": null}}, {"model": "app.component", "pk": 186, "fields": {"build": 15612111, "price": 10000, "name": "uygu", "serialNumber": "6515616", "eta": null}}, {"model": "app.component", "pk": 187, "fields": {"build": 15612111, "price": 10000, "name": "ygy", "serialNumber": "651561", "eta": null}}, {"model": "app.component", "pk": 188, "fields": {"build": 15612111, "price": 10000, "name": "guy", "serialNumber": "4545", "eta": null}}, {"model": "app.component", "pk": 189, "fields": {"build": 15612111, "price": 10000, "name": "gyu", "serialNumber": "4545", "eta": null}}, {"model": "app.component", "pk": 190, "fields": {"build": 15612111, "price": 10000, "name": "sdibfhu", "serialNumber": "4545", "eta": null}}, {"model": "app.component", "pk": 202, "fields": {"build": 1234, "price": 10000, "name": "AMD RYZEN 5 3400G 4C/8T", "serialNumber": "", "eta": null}}, {"model": "app.component", "pk": 203, "fields": {"build": 1234, "price": 10000, "name": "GIGABYTE B450M DS3H WIFI", "serialNumber": "", "eta": null}}, {"model": "app.component", "pk": 204, "fields": {"build": 1234, "price": 10000, "name": "G.SKILL AEGIS 8X2 16GB 3200MHZ DDR4", "serialNumber": "", "eta": null}}, {"model": "app.component", "pk": 205, "fields": {"build": 1234, "price": 10000, "name": "GIGABYTE 4000E 500GB GEN4 NVME SSD", "serialNumber": "", "eta": null}}, {"model": "app.component", "pk": 206, "fields": {"build": 1234, "price": 10000, "name": "COCO NOVA 220 BLACK", "serialNumber": "", "eta": null}}, {"model": "app.component", "pk": 207, "fields": {"build": 1234, "price": 10000, "name": "DEEPCOOL PL 550D SMPS", "serialNumber": "", "eta": null}}, {"model": "app.component", "pk": 208, "fields": {"build": 1234, "price": 10000, "name": "MSI PRO MP223 22\"INCH LCD MONITOR", "serialNumber": "", "eta": null}}, {"model": "app.component", "pk": 209, "fields": {"build": 1234, "price": 10000, "name": "BASIC K/M COMBO", "serialNumber": "", "eta": null}}, {"model": "app.component", "pk": 210, "fields": {"build": 1234, "price": 10000, "name": "GPU", "serialNumber": "", "eta": null}}, {"model": "app.component", "pk": 228, "fields": {"build": 2, "price": 455414, "name": "AMD RYZEN 5 3400G 4C/8T", "serialNumber": "", "eta": null}}, {"model": "app.component", "pk": 229, "fields": {"build": 2, "price": 151561, "name": "GIGABYTE B450M DS3H WIFI", "serialNumber": "", "eta": null}}, {"model": "app.component", "pk": 230, "fields": {"build": 2, "price": 541541, "name": "G.SKILL AEGIS 8X2 16GB 3200MHZ DDR4", "serialNumber": "", "eta": null}}, {"model": "app.component", "pk": 231, "fields": {"build": 2, "price": 65156, "name": "GIGABYTE 4000E 500GB GEN4 NVME SSD", "serialNumber": "", "eta": null}}, {"model": "app.component", "pk": 232, "fields": {"build": 2, "price": 651651, "name": "COCO NOVA 220 BLACK", "serialNumber": "", "eta": null}}, {"model": "app.component", "pk": 233, "fields": {"build": 2, "price": 65161, "name": "DEEPCOOL PL 550D SMPS", "serialNumber": "", "eta": null}}, {"model": "app.component", "pk": 234, "fields": {"build": 2, "price": 651651, "name": "MSI PRO MP223 22\"INCH LCD MONITOR", "serialNumber": "", "eta": null}}, {"model": "app.component", "pk": 235, "fields": {"build": 2, "price": 6516161, "name": "BASIC K/M COMBO", "serialNumber": "", "eta": null}}, {"model": "app.component", "pk": 260, "fields": {"build": 51561, "price": 100, "name": "AMD RYZEN 5 3400G 4C/8T", "serialNumber": "23434", "eta": null}}, {"model": "app.component", "pk": 261, "fields": {"build": 51561, "price": 100, "name": "GIGABYTE B450M DS3H WIFI", "serialNumber": "2134", "eta": null}}, {"model": "app.component", "pk": 262, "fields": {"build": 51561, "price": 100, "name": "G.SKILL AEGIS 8X2 16GB 3200MHZ DDR4", "serialNumber": "342341", "eta": null}}, {"model": "app.component", "pk": 263, "fields": {"build": 51561, "price": 100, "name": "GIGABYTE 4000E 500GB GEN4 NVME SSD", "serialNumber": "2441234", "eta": null}}, {"model": "app.component", "pk": 264, "fields": {"build": 51561, "price": 100, "name": "COCO NOVA 220 BLACK", "serialNumber": "2412312", "eta": null}}, {"model": "app.component", "pk": 265, "fields": {"build": 51561, "price": 100, "name": "DEEPCOOL PL 550D SMPS", "serialNumber": "123233", "eta": null}}, {"model": "app.component", "pk": 266, "fields": {"build": 51561, "price": 100, "name": "MSI PRO MP223 22\"INCH LCD MONITOR", "serialNumber": "3123", "eta": null}}, {"model": "app.component", "pk": 267, "fields": {"build": 51561, "price": 100, "name": "BASIC K/M COMBO", "serialNumber": "24123", "eta": null}}, {"model": "app.statuslog", "pk": 1, "fields": {"build": 1, "status": "Components Assigned", "updated_by": "gfdgfdg", "timestamp": "2025-06-05T07:34:16.063Z", "remarks": "Advanced to Components Assigned", "action": "advance", "role": "Hardware Engineer Team", "rollback_reason": null, "created_at": "2025-06-05T07:34:16.063Z"}}, {"model": "app.statuslog", "pk": 2, "fields": {"build": 1, "status": "Build Started", "updated_by": "fdgfdgfd", "timestamp": "2025-06-05T07:34:20.797Z", "remarks": "Advanced to Build Started", "action": "advance", "role": "Hardware Engineer Team", "rollback_reason": null, "created_at": "2025-06-05T07:34:20.797Z"}}, {"model": "app.statuslog", "pk": 3, "fields": {"build": 1, "status": "Build Completed", "updated_by": "dfgfdgf", "timestamp": "2025-06-05T07:34:27.101Z", "remarks": "Advanced to Build Completed", "action": "advance", "role": "Hardware Engineer Team", "rollback_reason": null, "created_at": "2025-06-05T07:34:27.101Z"}}, {"model": "app.statuslog", "pk": 4, "fields": {"build": 1, "status": "Testing Started", "updated_by": "dfgdfg", "timestamp": "2025-06-05T07:34:31.042Z", "remarks": "Advanced to Testing Started", "action": "advance", "role": "Hardware Engineer Team", "rollback_reason": null, "created_at": "2025-06-05T07:34:31.043Z"}}, {"model": "app.statuslog", "pk": 5, "fields": {"build": 1, "status": "Test Completed", "updated_by": "Unknown", "timestamp": "2025-06-05T07:58:54.510Z", "remarks": "Testing completed with checklist", "action": "advance", "role": "Hardware Engineer Team", "rollback_reason": null, "created_at": "2025-06-05T07:58:54.510Z"}}, {"model": "app.statuslog", "pk": 6, "fields": {"build": 1, "status": "Testing Started", "updated_by": "dfgdfg", "timestamp": "2025-06-05T08:01:26.074Z", "remarks": "Rolled back to Testing Started", "action": "rollback", "role": "Hardware Engineer Team", "rollback_reason": "dfgdfg", "created_at": "2025-06-05T08:01:26.074Z"}}, {"model": "app.statuslog", "pk": 7, "fields": {"build": 1, "status": "Test Completed", "updated_by": "Unknown", "timestamp": "2025-06-05T08:02:03.185Z", "remarks": "Testing completed with checklist", "action": "advance", "role": "Hardware Engineer Team", "rollback_reason": null, "created_at": "2025-06-05T08:02:03.185Z"}}, {"model": "app.statuslog", "pk": 8, "fields": {"build": 1, "status": "Testing Started", "updated_by": "sdfrdsf", "timestamp": "2025-06-05T08:04:20.016Z", "remarks": "Rolled back to Testing Started", "action": "rollback", "role": "Hardware Engineer Team", "rollback_reason": "dsfdsf", "created_at": "2025-06-05T08:04:20.017Z"}}, {"model": "app.statuslog", "pk": 9, "fields": {"build": 1, "status": "Test Completed", "updated_by": "Unknown", "timestamp": "2025-06-05T08:04:42.302Z", "remarks": "Testing completed with checklist", "action": "advance", "role": "Hardware Engineer Team", "rollback_reason": null, "created_at": "2025-06-05T08:04:42.302Z"}}, {"model": "app.statuslog", "pk": 10, "fields": {"build": 1, "status": "Testing Started", "updated_by": "dsfdsf", "timestamp": "2025-06-05T08:04:59.641Z", "remarks": "Rolled back to Testing Started", "action": "rollback", "role": "Hardware Engineer Team", "rollback_reason": "dsfdsf", "created_at": "2025-06-05T08:04:59.641Z"}}, {"model": "app.statuslog", "pk": 11, "fields": {"build": 1, "status": "Test Completed", "updated_by": "Unknown", "timestamp": "2025-06-05T08:05:22.346Z", "remarks": "Testing completed with checklist", "action": "advance", "role": "Hardware Engineer Team", "rollback_reason": null, "created_at": "2025-06-05T08:05:22.346Z"}}, {"model": "app.statuslog", "pk": 12, "fields": {"build": 1, "status": "Testing Started", "updated_by": "dffd", "timestamp": "2025-06-05T09:00:52.197Z", "remarks": "Rolled back to Testing Started", "action": "rollback", "role": "Hardware Engineer Team", "rollback_reason": "df", "created_at": "2025-06-05T09:00:52.197Z"}}, {"model": "app.statuslog", "pk": 13, "fields": {"build": 1, "status": "Test Completed", "updated_by": "Unknown", "timestamp": "2025-06-05T09:01:08.236Z", "remarks": "Testing completed with checklist", "action": "advance", "role": "Hardware Engineer Team", "rollback_reason": null, "created_at": "2025-06-05T09:01:08.236Z"}}, {"model": "app.statuslog", "pk": 14, "fields": {"build": 1, "status": "Testing Started", "updated_by": "dfgdgfd", "timestamp": "2025-06-05T09:01:43.265Z", "remarks": "Rolled back to Testing Started", "action": "rollback", "role": "Hardware Engineer Team", "rollback_reason": "gfdg", "created_at": "2025-06-05T09:01:43.265Z"}}, {"model": "app.statuslog", "pk": 15, "fields": {"build": 1, "status": "Test Completed", "updated_by": "Unknown", "timestamp": "2025-06-05T09:02:04.506Z", "remarks": "Testing completed with checklist", "action": "advance", "role": "Hardware Engineer Team", "rollback_reason": null, "created_at": "2025-06-05T09:02:04.507Z"}}, {"model": "app.statuslog", "pk": 16, "fields": {"build": 1, "status": "Test Completed", "updated_by": "Unknown", "timestamp": "2025-06-05T09:02:27.989Z", "remarks": "Testing completed with checklist", "action": "advance", "role": "Hardware Engineer Team", "rollback_reason": null, "created_at": "2025-06-05T09:02:27.989Z"}}, {"model": "app.statuslog", "pk": 17, "fields": {"build": 1, "status": "Testing Started", "updated_by": "dffddf", "timestamp": "2025-06-05T09:03:25.557Z", "remarks": "Rolled back to Testing Started", "action": "rollback", "role": "Hardware Engineer Team", "rollback_reason": "fddfdf", "created_at": "2025-06-05T09:03:25.557Z"}}, {"model": "app.statuslog", "pk": 18, "fields": {"build": 1, "status": "Test Completed", "updated_by": "Unknown", "timestamp": "2025-06-05T09:03:44.218Z", "remarks": "Testing completed with checklist", "action": "advance", "role": "Hardware Engineer Team", "rollback_reason": null, "created_at": "2025-06-05T09:03:44.218Z"}}, {"model": "app.statuslog", "pk": 19, "fields": {"build": 1, "status": "Test Completed", "updated_by": "Unknown", "timestamp": "2025-06-05T09:03:54.750Z", "remarks": "Testing completed with checklist", "action": "advance", "role": "Hardware Engineer Team", "rollback_reason": null, "created_at": "2025-06-05T09:03:54.750Z"}}, {"model": "app.statuslog", "pk": 20, "fields": {"build": 1, "status": "Test Completed", "updated_by": "Unknown", "timestamp": "2025-06-05T09:04:24.130Z", "remarks": "Testing completed with checklist", "action": "advance", "role": "Hardware Engineer Team", "rollback_reason": null, "created_at": "2025-06-05T09:04:24.130Z"}}, {"model": "app.statuslog", "pk": 21, "fields": {"build": 1, "status": "Testing Started", "updated_by": "dffd", "timestamp": "2025-06-05T09:09:43.488Z", "remarks": "Rolled back to Testing Started", "action": "rollback", "role": "Hardware Engineer Team", "rollback_reason": "df", "created_at": "2025-06-05T09:09:43.488Z"}}, {"model": "app.statuslog", "pk": 22, "fields": {"build": 1, "status": "Test Completed", "updated_by": "dffd", "timestamp": "2025-06-05T09:16:23.682Z", "remarks": "Testing completed with checklist", "action": "advance", "role": "Hardware Engineer Team", "rollback_reason": null, "created_at": "2025-06-05T09:16:23.682Z"}}, {"model": "app.statuslog", "pk": 23, "fields": {"build": 1, "status": "Test Completed", "updated_by": "dffd", "timestamp": "2025-06-05T09:16:37.270Z", "remarks": "Testing completed with checklist", "action": "advance", "role": "Hardware Engineer Team", "rollback_reason": null, "created_at": "2025-06-05T09:16:37.271Z"}}, {"model": "app.statuslog", "pk": 24, "fields": {"build": 1, "status": "Testing Started", "updated_by": "dfsgdfg", "timestamp": "2025-06-05T10:37:20.841Z", "remarks": "Rolled back to Testing Started", "action": "rollback", "role": "Supervisor", "rollback_reason": "dgdg", "created_at": "2025-06-05T10:37:20.841Z"}}, {"model": "app.statuslog", "pk": 25, "fields": {"build": 2, "status": "Components Assigned", "updated_by": "sedfds", "timestamp": "2025-06-06T04:42:33.840Z", "remarks": "Advanced to Components Assigned", "action": "advance", "role": "Hardware Engineer Team", "rollback_reason": null, "created_at": "2025-06-06T04:42:33.840Z"}}, {"model": "app.statuslog", "pk": 26, "fields": {"build": 2, "status": "Build Started", "updated_by": "sdfdsf", "timestamp": "2025-06-06T04:42:37.905Z", "remarks": "Advanced to Build Started", "action": "advance", "role": "Hardware Engineer Team", "rollback_reason": null, "created_at": "2025-06-06T04:42:37.905Z"}}, {"model": "app.statuslog", "pk": 27, "fields": {"build": 2, "status": "Build Completed", "updated_by": "sdfdsf", "timestamp": "2025-06-06T04:42:41.606Z", "remarks": "Advanced to Build Completed", "action": "advance", "role": "Hardware Engineer Team", "rollback_reason": null, "created_at": "2025-06-06T04:42:41.606Z"}}, {"model": "app.statuslog", "pk": 28, "fields": {"build": 2, "status": "Testing Started", "updated_by": "sdfdsfs", "timestamp": "2025-06-06T04:42:45.791Z", "remarks": "Advanced to Testing Started", "action": "advance", "role": "Hardware Engineer Team", "rollback_reason": null, "created_at": "2025-06-06T04:42:45.791Z"}}, {"model": "app.statuslog", "pk": 29, "fields": {"build": 2, "status": "Test Completed", "updated_by": "sdfdsfs", "timestamp": "2025-06-06T04:44:25.610Z", "remarks": "Testing completed with checklist", "action": "advance", "role": "Hardware Engineer Team", "rollback_reason": null, "created_at": "2025-06-06T04:44:25.610Z"}}, {"model": "app.statuslog", "pk": 30, "fields": {"build": 2, "status": "Testing Started", "updated_by": "fghfg", "timestamp": "2025-06-06T04:45:34.403Z", "remarks": "Rolled back to Testing Started", "action": "rollback", "role": "Hardware Engineer Team", "rollback_reason": "hgfhfghg", "created_at": "2025-06-06T04:45:34.403Z"}}, {"model": "app.statuslog", "pk": 31, "fields": {"build": 15612111, "status": "Components Assigned", "updated_by": "Dhinesh", "timestamp": "2025-06-06T05:49:49.378Z", "remarks": "Advanced to Components Assigned", "action": "advance", "role": "Hardware Engineer TL", "rollback_reason": null, "created_at": "2025-06-06T05:49:49.378Z"}}, {"model": "app.statuslog", "pk": 32, "fields": {"build": 15612111, "status": "Build Started", "updated_by": "Builder", "timestamp": "2025-06-06T05:50:29.175Z", "remarks": "Advanced to Build Started", "action": "advance", "role": "Hardware Engineer Team", "rollback_reason": null, "created_at": "2025-06-06T05:50:29.175Z"}}, {"model": "app.statuslog", "pk": 33, "fields": {"build": 15612111, "status": "Build Completed", "updated_by": "Builder", "timestamp": "2025-06-06T05:50:40.301Z", "remarks": "Advanced to Build Completed", "action": "advance", "role": "Hardware Engineer Team", "rollback_reason": null, "created_at": "2025-06-06T05:50:40.301Z"}}, {"model": "app.statuslog", "pk": 34, "fields": {"build": 15612111, "status": "Testing Started", "updated_by": "Tester", "timestamp": "2025-06-06T05:50:49.034Z", "remarks": "Advanced to Testing Started", "action": "advance", "role": "Hardware Engineer Team", "rollback_reason": null, "created_at": "2025-06-06T05:50:49.034Z"}}, {"model": "app.statuslog", "pk": 35, "fields": {"build": 15612111, "status": "Test Completed", "updated_by": "Tester", "timestamp": "2025-06-06T05:51:17.195Z", "remarks": "Testing completed with checklist", "action": "advance", "role": "Hardware Engineer Team", "rollback_reason": null, "created_at": "2025-06-06T05:51:17.195Z"}}, {"model": "app.statuslog", "pk": 36, "fields": {"build": 51561, "status": "Components Assigned", "updated_by": "Dhinesh", "timestamp": "2025-06-06T09:33:27.216Z", "remarks": "Advanced to Components Assigned", "action": "advance", "role": "Hardware Engineer TL", "rollback_reason": null, "created_at": "2025-06-06T09:33:27.218Z"}}, {"model": "app.statuslog", "pk": 37, "fields": {"build": 51561, "status": "Build Started", "updated_by": "Shree", "timestamp": "2025-06-06T09:35:23.604Z", "remarks": "Advanced to Build Started", "action": "advance", "role": "Hardware Engineer Team", "rollback_reason": null, "created_at": "2025-06-06T09:35:23.604Z"}}, {"model": "app.statuslog", "pk": 38, "fields": {"build": 51561, "status": "Build Completed", "updated_by": "Shree", "timestamp": "2025-06-06T09:35:43.129Z", "remarks": "Advanced to Build Completed", "action": "advance", "role": "Hardware Engineer Team", "rollback_reason": null, "created_at": "2025-06-06T09:35:43.129Z"}}, {"model": "app.statuslog", "pk": 39, "fields": {"build": 51561, "status": "Testing Started", "updated_by": "Deepak", "timestamp": "2025-06-06T09:35:56.768Z", "remarks": "Advanced to Testing Started", "action": "advance", "role": "Hardware Engineer Team", "rollback_reason": null, "created_at": "2025-06-06T09:35:56.768Z"}}, {"model": "app.statuslog", "pk": 40, "fields": {"build": 51561, "status": "Test Completed", "updated_by": "Deepak", "timestamp": "2025-06-06T09:36:26.541Z", "remarks": "Testing completed with checklist", "action": "advance", "role": "Hardware Engineer Team", "rollback_reason": null, "created_at": "2025-06-06T09:36:26.541Z"}}, {"model": "app.statuslog", "pk": 41, "fields": {"build": 51561, "status": "Testing Started", "updated_by": "Shree", "timestamp": "2025-06-06T09:37:13.055Z", "remarks": "Rolled back to Testing Started", "action": "rollback", "role": "Hardware Engineer Team", "rollback_reason": "Mistake in checklist", "created_at": "2025-06-06T09:37:13.055Z"}}, {"model": "app.checklist", "pk": 5, "fields": {"build": 1, "chipsetDrivers": "uhbvubv", "graphicsDrivers": "`", "biosFirmwareVersion": "uu", "networkDrivers": "yhu", "wifi": "bg", "bluetooth": "u", "storagePartitioning": "u", "lanDetection": "uuy", "usbDetection": "uy", "headphone": "u", "adminName": "yhb", "resizableBar": "yhb", "ramXmpProfile": "uyhbuy", "prime95Test": "buh", "operatingSystem": "bb", "antivirusActivation": "hub", "basicSoftwareInstallation": "ub", "cinebenchR23SingleCoreStock": "ub", "cinebenchR23MulticoreStock": "iub", "cpuTemperatureIdleLoadStress": "io", "gpuTemperatureIdleLoadStress": "i", "game1AvgFps": "bib", "game2AvgFps": "ib", "premiereRenderTime": "ib", "dateOfBenchmark": "2025-06-05", "buildBy": "ibibi", "testedBy": "ibib", "completed_at": "2025-06-05T08:02:03.164Z"}}, {"model": "app.checklist", "pk": 6, "fields": {"build": 2, "chipsetDrivers": "iuhybguyhg", "graphicsDrivers": "uyuy", "biosFirmwareVersion": "guy", "networkDrivers": "guyg", "wifi": "ug", "bluetooth": "uyg", "storagePartitioning": "uyguy", "lanDetection": "guy", "usbDetection": "guy", "headphone": "guy", "adminName": "guy", "resizableBar": "gyu8", "ramXmpProfile": "guy", "prime95Test": "guy", "operatingSystem": "gyg", "antivirusActivation": "uyg", "basicSoftwareInstallation": "uyg", "cinebenchR23SingleCoreStock": "uyuyguyg", "cinebenchR23MulticoreStock": "uyguyg", "cpuTemperatureIdleLoadStress": "uyguyg", "gpuTemperatureIdleLoadStress": "uyguguy", "game1AvgFps": "uyguygg", "game2AvgFps": "guyguyg", "premiereRenderTime": "guyguyg", "dateOfBenchmark": "2025-06-06", "buildBy": "jughvu", "testedBy": "ugvuguy", "completed_at": "2025-06-06T04:44:25.586Z"}}, {"model": "app.checklist", "pk": 7, "fields": {"build": 15612111, "chipsetDrivers": "uyguygy", "graphicsDrivers": "uguy", "biosFirmwareVersion": "guy", "networkDrivers": "guyg", "wifi": "ug", "bluetooth": "uyg", "storagePartitioning": "yug", "lanDetection": "ug", "usbDetection": "uygy", "headphone": "g", "adminName": "ugu", "resizableBar": "guy", "ramXmpProfile": "gyug", "prime95Test": "uy", "operatingSystem": "g", "antivirusActivation": "uyguy", "basicSoftwareInstallation": "g", "cinebenchR23SingleCoreStock": "uyguyguygy", "cinebenchR23MulticoreStock": "uguygy", "cpuTemperatureIdleLoadStress": "guyguy", "gpuTemperatureIdleLoadStress": "huyguy", "game1AvgFps": "guyg", "game2AvgFps": "uyg", "premiereRenderTime": "ug", "dateOfBenchmark": "2025-06-06", "buildBy": "hjbgbh", "testedBy": "jubjubb", "completed_at": "2025-06-06T05:51:17.169Z"}}, {"model": "app.checklist", "pk": 8, "fields": {"build": 51561, "chipsetDrivers": "fdgh", "graphicsDrivers": "gtyy", "biosFirmwareVersion": "gy", "networkDrivers": "gy", "wifi": "gy", "bluetooth": "gyg", "storagePartitioning": "uyg", "lanDetection": "uyg", "usbDetection": "uyg", "headphone": "yug", "adminName": "uyg", "resizableBar": "yug", "ramXmpProfile": "uyg", "prime95Test": "g", "operatingSystem": "uyg", "antivirusActivation": "ugu", "basicSoftwareInstallation": "ygu", "cinebenchR23SingleCoreStock": "g", "cinebenchR23MulticoreStock": "g", "cpuTemperatureIdleLoadStress": "ugug", "gpuTemperatureIdleLoadStress": "uygug", "game1AvgFps": "uyguyg", "game2AvgFps": "uyguy", "premiereRenderTime": "guyg", "dateOfBenchmark": "2025-06-06", "buildBy": "Shree", "testedBy": "Deepak", "completed_at": "2025-06-06T09:36:26.516Z"}}]